,count,mean,median,variance,std_dev,min,max
PassengerId,891.0,446.0,446.0,66231.0,257.3538420152301,1.0,891.0
Survived,891.0,0.3838383838383838,0.0,0.23677221654749742,0.4865924542648575,0.0,1.0
Pclass,891.0,2.308641975308642,3.0,0.6990151199889028,0.836071240977049,1.0,3.0
Age,891.0,28.468013468013467,28.0,95.85824537509932,9.790722413341076,3.0,54.0
SibSp,891.0,0.29741863075196406,0.0,0.27211692455138153,0.5216482766686588,0.0,2.0
Parch,891.0,0.0,0.0,0.0,0.0,0.0,0.0
Fare,891.0,17.38362233445567,14.4542,161.62078659077028,12.713016423759166,0.0,65.0
