,count,mean,median,variance,std_dev,min,max
age,48842.0,38.43724663199705,37.0,178.90653674017878,13.37559481818206,17.0,78.0
fnlwgt,48842.0,179641.81621350476,178143.25,7451350694.96633,86321.20651940825,12285.0,417668.0
educational-num,48842.0,10.324106301953236,10.0,4.835064745604722,2.19887806519705,5.0,16.0
capital-gain,48842.0,0.0,0.0,0.0,0.0,0.0,0.0
capital-loss,48842.0,0.0,0.0,0.0,0.0,0.0,0.0
hours-per-week,48842.0,41.13179230989722,40.0,12.183015353927878,3.4904176474926145,33.0,52.0
